Latitude,Longitude,Station,Depth,Date,Oxygen,DIC,pH,Nitrate,Phosphate,NSTAR
24.492001,-30.321991,Station 106,49,04/07/2010,214.84,2106.4,8.0479,0,0.00985,2.385888
24.492001,-30.321991,Station 106,111,04/07/2010,215.97,2115.9,8.0163,0,0,2.523
24.492001,-30.321991,Station 106,176,04/07/2010,201.21,2127,7.9731,2.2388,0.0985,3.099636
24.492001,-30.321991,Station 106,250,04/07/2010,193.11,NaN,NaN,5.3171,0.28565,3.172629
24.492001,-30.321991,Station 106,374,04/07/2010,184.19,2143.2,7.8661,9.5342,0.56145,3.00237
24.492001,-30.321991,Station 106,499,04/07/2010,171.38,NaN,NaN,14.938,0.9062,2.904756
24.492001,-30.321991,Station 106,748,04/07/2010,132.02,NaN,NaN,25.524,1.6056,2.378928
24.492001,-30.321991,Station 106,873,04/07/2010,136.63,NaN,NaN,26.817,1.7237,1.859885
24.492001,-30.321991,Station 106,1001,04/07/2010,153.96,2205,7.6565,26.306,1.7139,1.551732
24.492001,-30.321991,Station 106,1250,04/07/2010,188.19,NaN,NaN,23.633,1.5169,1.968462
24.492001,-30.321991,Station 106,1504,04/07/2010,209.2,2185.9,7.7207,21.269,1.3987,1.557125
24.492001,-30.321991,Station 106,1761,04/07/2010,225.5,NaN,NaN,20.584,1.3692,1.371816
24.492001,-30.321991,Station 106,2004,04/07/2010,235.24,2177.6,7.7408,20.246,1.3692,1.077756
24.492001,-30.321991,Station 106,2249,04/07/2010,242.21,NaN,NaN,20.062,1.3593,1.055484
24.492001,-30.321991,Station 106,2507,04/07/2010,244.46,NaN,NaN,20.198,1.3593,1.173804
24.257999,-142.589996,Station 44,11,12/12/2005,215.64,2001.4,8.0581,0.02,0.105,1.0788
24.257999,-142.589996,Station 44,50,12/12/2005,215.55,2002,8.0583,0.03,0.11,1.0179
24.257999,-142.589996,Station 44,100,12/12/2005,222.32,2016.7,8.0316,0.02,0.07,1.566
24.257999,-142.589996,Station 44,149,12/12/2005,207.28,2034.9,7.9834,0.7,0.152,1.01616
24.257999,-142.589996,Station 44,199,12/12/2005,201.48,2049.4,7.9012,4.24,0.407,0.54636
24.257999,-142.589996,Station 44,248,12/12/2005,208.65,2064.2,7.8342,8.67,0.709,0.19662
24.257999,-142.589996,Station 44,299,12/12/2005,206.2,2091.1,7.7784,13.44,1.009,0.17052
24.257999,-142.589996,Station 44,397,12/12/2005,166.26,2151.8,7.6564,22.22,1.615,-0.626401
24.257999,-142.589996,Station 44,497,12/12/2005,113.63,2220,7.5126,31.4,2.277,-1.85484
24.257999,-142.589996,Station 44,597,12/12/2005,50.03,2290.3,7.3799,39.14,2.861,-3.250321
24.257999,-142.589996,Station 44,693,12/12/2005,21.58,2326.4,7.3332,42.25,3.127,-4.247341
24.257999,-142.589996,Station 44,793,12/12/2005,17.55,2344.5,7.3404,43.21,3.202,-4.456139
24.257999,-142.589996,Station 44,892,12/12/2005,28.84,2344.7,7.3828,42.99,3.149,-3.909778
24.257999,-142.589996,Station 44,992,12/12/2005,36.43,2346.4,7.3764,42.82,3.134,-3.848881
24.257999,-142.589996,Station 44,1189,12/12/2005,45.25,2355,7.4076,42.63,3.111,-3.69402
24.257999,-142.589996,Station 44,1388,12/12/2005,54.03,2359.3,7.4195,42.32,3.073,-3.43476
24.257999,-142.589996,Station 44,1583,12/12/2005,61.78,2364.6,7.4359,42,3.033,-3.15636
24.257999,-142.589996,Station 44,1783,12/12/2005,73.25,2365.3,7.4535,41.3,2.968,-2.86056
24.257999,-142.589996,Station 44,1979,12/12/2005,83.13,2363.8,7.4704,40.65,2.903,-2.52126
24.257999,-142.589996,Station 44,2175,12/12/2005,92.15,2362.7,7.4852,40.12,2.855,-2.314201
24.257999,-142.589996,Station 44,2372,12/12/2005,100.1,2360.4,7.5001,39.64,2.806,-2.04972
24.257999,-142.589996,Station 44,2569,12/12/2005,106.98,2357.6,7.511,39.17,2.769,-1.943582
24.257999,-142.589996,Station 44,2766,12/12/2005,115.9,2352.6,7.5273,38.59,2.722,-1.793938
24.257999,-142.589996,Station 44,2960,12/12/2005,123.04,2348.9,7.5392,38.24,2.683,-1.55556
45.5,-152,Station 159,3,06/10/2015,285.4,2032.6,7.8325,8.81,0.9588,-3.158796
45.5,-152,Station 159,33,06/10/2015,302.2,2042.4,7.8215,9.3,0.9792,-3.016464
45.5,-152,Station 159,57,06/10/2015,293.6,2046.4,7.8087,9.2,0.969,-2.96148
45.5,-152,Station 159,82,06/10/2015,294.2,2058.9,7.7857,11.45,1.1424,-3.417709
45.5,-152,Station 159,115,06/10/2015,240.8,2118.2,7.7177,17.12,1.3056,-0.756552
45.5,-152,Station 159,173,06/10/2015,207,2158.8,7.6425,22.49,1.6626,-1.054093
45.5,-152,Station 159,247,06/10/2015,146.4,2214.6,7.51,30.12,2.2032,-1.941145
45.5,-152,Station 159,331,06/10/2015,113,2250.8,7.4247,34.82,2.499,-1.969681
45.5,-152,Station 159,428,06/10/2015,77.3,2286.2,7.3659,38.63,2.7642,-2.346563
45.5,-152,Station 159,544,06/10/2015,48.7,2319,7.3268,41.17,2.9478,-2.692476
45.5,-152,Station 159,693,06/10/2015,28.8,2343.4,7.3105,42.82,3.0498,-2.676815
45.5,-152,Station 159,841,06/10/2015,20,2365.9,7.3054,43.7,3.111,-2.76312
45.5,-152,Station 159,989,06/10/2015,17.7,2377.5,7.3069,44.19,3.1416,-2.762772
45.5,-152,Station 159,1155,06/10/2015,14.5,2389.8,7.307,44.58,3.162,-2.707438
45.5,-152,Station 159,1384,06/10/2015,14.4,2396.1,7.3137,44.87,3.1518,-2.313156
45.5,-152,Station 159,1712,06/10/2015,33.1,2397.6,7.3565,43.79,3.0702,-2.116883
45.5,-152,Station 159,2105,06/10/2015,57.4,2388.5,7.4084,42.23,2.958,-1.91226
45.5,-152,Station 159,2497,06/10/2015,80.4,2375.7,7.4556,40.86,2.856,-1.684319
45.5,-152,Station 159,2922,06/10/2015,104,2358.8,7.5015,39.29,2.754,-1.630378
24.92,-115.050003,Station 111,4,06/12/2007,240.8,2019.2,7.9472,0.9338,0.21315,0.368358
24.92,-115.050003,Station 111,10,06/12/2007,240.7,2017.9,7.9483,0.8932,0.21315,0.333036
24.92,-115.050003,Station 111,14,06/12/2007,240.8,2019.9,7.9471,0.9033,0.21315,0.341867
24.92,-115.050003,Station 111,19,06/12/2007,241.3,2018.7,7.9448,0.8831,0.21315,0.324206
24.92,-115.050003,Station 111,25,06/12/2007,242,2018.5,7.9438,0.8831,0.21315,0.324206
24.92,-115.050003,Station 111,30,06/12/2007,243.6,2017.1,7.9498,0.7917,0.2233,0.103443
24.92,-115.050003,Station 111,41,06/12/2007,244.8,2017.8,7.9606,0.7613,0.23345,-0.064336
24.92,-115.050003,Station 111,50,06/12/2007,241.2,2029.2,NaN,0.8019,0.3045,-1.018031
24.92,-115.050003,Station 111,60,06/12/2007,236.8,2037.6,7.9222,1.0962,0.3451,-1.327098
24.92,-115.050003,Station 111,70,06/12/2007,221.9,2051.7,7.8565,3.8062,0.51765,-1.371294
24.92,-115.050003,Station 111,90,06/12/2007,141.7,2127.1,NaN,13.845,1.2688,-3.093546
24.92,-115.050003,Station 111,110,06/12/2007,119.2,2154.2,7.6207,18.321,1.5834,-3.578659
24.92,-115.050003,Station 111,130,06/12/2007,63.5,2208,7.5202,24.34,2.1315,-5.97168
24.92,-115.050003,Station 111,150,06/12/2007,42.7,2229.2,7.4873,25.669,2.2939,-7.076058
24.92,-115.050003,Station 111,174,06/12/2007,35.1,2241.9,7.4642,26.857,2.3853,-7.314785
24.92,-115.050003,Station 111,200,06/12/2007,31.6,2246.9,7.4526,27.75,2.436,-7.243622
24.92,-115.050003,Station 111,250,06/12/2007,11.4,2269.8,7.4237,28.075,2.6492,-9.928613
24.92,-115.050003,Station 111,347,06/12/2007,3.7,2289.2,7.3878,30.419,2.842,-10.57311
24.92,-115.050003,Station 111,497,06/12/2007,2.7,2313.7,7.266,37.078,3.0653,-7.888117
24.92,-115.050003,Station 111,793,06/12/2007,7.5,2343.7,7.3409,44.599,3.2277,-3.605455
24.92,-115.050003,Station 111,1485,06/12/2007,43.3,2373.1,7.4069,45.401,3.1364,-1.636817
24.92,-115.050003,Station 111,1979,06/12/2007,79.7,2372.3,7.4642,43.046,2.9435,-1.000499
24.92,-115.050003,Station 111,2469,06/12/2007,102.3,2366.3,7.5098,41.534,2.7912,-0.195923
24.92,-115.050003,Station 111,2960,06/12/2007,115.9,2361.3,7.4661,40.326,2.71,-0.11658